url,header,source,datetime
https://news.rambler.ru/,,,
https://news.rambler.ru/starlife/,,,
https://finance.rambler.ru/,,,
https://finance.rambler.ru/currencies/USD/,,,
https://finance.rambler.ru/currencies/EUR/,,,
https://news.rambler.ru/world/52597527-senator-vens-nazval-absurdom-nezhelanie-belogo-doma-vesti-peregovory-s-putinym/,,,
https://news.rambler.ru/world/52597346-v-minenergo-ukrainy-prizvali-gotovitsya-k-blekautam/,,,
https://news.rambler.ru/community/52597209-vy-ne-odni-za-vami-vsya-strana-glava-mchs-posetil-orsk/,,,
https://news.rambler.ru/starlife/52597315-rastorguev-rasskazal-o-prodolzhenii-yubileynogo-tura-lyube/,,,
https://news.rambler.ru/politics/52597201-nebenzya-zayavil-ob-otsutstvii-somneniy-v-prichastnosti-ukrainy-k-teraktu-v-krokuse/,,,
https://news.rambler.ru/incidents/52597335-bolee-7-1-tys-chelovek-evakuirovali-v-kurganskoy-oblasti/,,,
https://finance.rambler.ru/business/52597548-gutsul-rossiyskie-bankovskie-karty-mir-nachnut-vydavat-v-gagauzii-s-1-maya/,,,
https://finance.rambler.ru/business/52597545-s-rossiyskoy-dochki-google-potrebovali-esche-dva-milliarda-rubley/,,,
https://news.rambler.ru/community/52596734-anatoliy-vasserman-prokommentiroval-ideyu-zapretit-vezd-v-rossiyu-migrantov-s-sudimostyu/,,,
https://news.rambler.ru/army/52585995-stalo-izvestno-o-posledstviyah-udara-po-raspolozheniyu-vsu-v-sumah/,,,
https://news.rambler.ru/politics/52596852-mid-rossii-sdelal-predstavlenie-poslu-yaponii/,,,
https://news.rambler.ru/community/52596822-eks-podpolkovnik-sbu-obyasnil-perehod-na-storonu-rossii/,,,
https://news.rambler.ru/community/52596956-poyavlenie-pyaten-na-skulpture-rodina-mat-zovet-obyasnili/,,,
https://news.rambler.ru/community/52596891-kerchenskaya-paromnaya-pereprava-priostanovila-rabotu/,,,
https://news.rambler.ru/army/52596470-v-minoborony-rasskazali-o-zhestkom-otvete-na-udary-ukrainy-po-territorii-rf/,,,
https://news.rambler.ru/politics/52596431-prezident-finlyandii-aleksandr-stubb-smenil-posla-v-rossii/,,,
https://news.rambler.ru/rss/,,,
